CASRN,SMILES
50594-66-6,OC(=O)C1=C(C=CC(OC2=CC=C(C=C2Cl)C(F)(F)F)=C1)[N+]([O-])=O
309-00-2,ClC1=C(Cl)[C@]2(Cl)[C@@H]3[C@@H]4C[C@@H](C=C4)[C@@H]3[C@@]1(Cl)C2(Cl)Cl
61-82-5,NC1=NNC=N1
101-05-3,ClC1=CC=CC=C1NC1=NC(Cl)=NC(Cl)=N1
140-57-8,CC(COC1=CC=C(C=C1)C(C)(C)C)OS(=O)OCCCl
1912-24-9,CCNC1=NC(NC(C)C)=NC(Cl)=N1
82657-04-3,CC1=C(C=CC=C1COC(=O)[C@@H]1[C@H](\C=C(/Cl)C(F)(F)F)C1(C)C)C1=CC=CC=C1
92-52-4,C1=CC=C(C=C1)C1=CC=CC=C1
108-60-1,CC(CCl)OC(C)CCl
88-85-7,CCC(C)C1=CC(=CC(=C1O)[N+]([O-])=O)[N+]([O-])=O
2425-06-1,ClC(Cl)C(Cl)(Cl)SN1C(=O)C2CC=CCC2C1=O
133-06-2,ClC(Cl)(Cl)SN1C(=O)C2CC=CCC2C1=O
63-25-2,CNC(=O)OC1=C2C=CC=CC2=CC=C1
1563-66-2,CNC(=O)OC1=CC=CC2=C1OC(C)(C)C2
302-17-0,OC(O)C(Cl)(Cl)Cl
133-90-4,NC1=C(Cl)C(=CC(Cl)=C1)C(O)=O
118-75-2,ClC1=C(Cl)C(=O)C(Cl)=C(Cl)C1=O
57-74-9,ClC1CC2C(C1Cl)C1(Cl)C(Cl)=C(Cl)C2(Cl)C1(Cl)Cl
510-15-6,CCOC(=O)C(O)(C1=CC=C(Cl)C=C1)C1=CC=C(Cl)C=C1
80-33-1,ClC1=CC=C(OS(=O)(=O)C2=CC=C(Cl)C=C2)C=C1
150-68-5,CN(C)C(=O)NC1=CC=C(Cl)C=C1
76-06-2,[O-][N+](=O)C(Cl)(Cl)Cl
1897-45-6,ClC1=C(Cl)C(C#N)=C(Cl)C(C#N)=C1Cl
10380-28-6,O([Cu]OC1=C2N=CC=CC2=CC=C1)C1=CC=CC2=CC=CN=C12
56-72-4,CCOP(=S)(OCC)OC1=CC2=C(C=C1)C(C)=C(Cl)C(=O)O2
1596-84-5,CN(C)NC(=O)CCC(O)=O
50-29-3,ClC1=CC=C(C=C1)C(C1=CC=C(Cl)C=C1)C(Cl)(Cl)Cl
52918-63-5,CC1(C)[C@@H](C=C(Br)Br)[C@H]1C(=O)O[C@H](C#N)C1=CC=CC(OC2=CC=CC=C2)=C1
333-41-5,CCOP(=S)(OCC)OC1=NC(=NC(C)=C1)C(C)C
23950-58-5,CC(C)(NC(=O)C1=CC(Cl)=CC(Cl)=C1)C#C
2164-09-2,CC(=C)C(=O)NC1=CC=C(Cl)C(Cl)=C1
117-80-6,ClC1=C(Cl)C(=O)C2=C(C=CC=C2)C1=O
99-30-9,NC1=C(Cl)C=C(C=C1Cl)[N+]([O-])=O
120-36-5,CC(OC1=C(Cl)C=C(Cl)C=C1)C(O)=O
330-54-1,CN(C)C(=O)NC1=CC(Cl)=C(Cl)C=C1
62-73-7,COP(=O)(OC)OC=C(Cl)Cl
115-32-2,OC(C1=CC=C(Cl)C=C1)(C1=CC=C(Cl)C=C1)C(Cl)(Cl)Cl
60-57-1,ClC1=C(Cl)[C@]2(Cl)[C@@H]3[C@@H]4C[C@@H]([C@H]5O[C@@H]45)[C@@H]3[C@@]1(Cl)C2(Cl)Cl
2921-88-2,CCOP(=S)(OCC)OC1=NC(Cl)=C(Cl)C=C1Cl
60-51-5,CNC(=O)CSP(=S)(OC)OC
78-34-2,CCOP(=S)(OCC)SC1OCCOC1SP(=S)(OCC)OCC
2439-10-3,CC(O)=O.CCCCCCCCCCCCNC(N)=N
115-29-7,ClC1=C(Cl)C2(Cl)C3COS(=O)OCC3C1(Cl)C2(Cl)Cl
72-20-8,ClC1=C(Cl)[C@]2(Cl)[C@@H]3[C@H]4C[C@H]([C@@H]5O[C@H]45)[C@@H]3[C@@]1(Cl)C2(Cl)Cl
91-53-2,CCOC1=CC2=C(NC(C)(C)C=C2C)C=C1
142-59-6,[Na+].[Na+].[S-]C(=S)NCCNC([S-])=S
55-38-9,COP(=S)(OC)OC1=CC(C)=C(SC)C=C1
51630-58-1,CC(C)C(C(=O)OC(C#N)C1=CC=CC(OC2=CC=CC=C2)=C1)C1=CC=C(Cl)C=C1
14484-64-1,[Fe+3].CN(C)C([S-])=S.CN(C)C([S-])=S.CN(C)C([S-])=S
2164-17-2,CN(C)C(=O)NC1=CC=CC(=C1)C(F)(F)F
39148-24-8,[Al+3].CCOP([O-])=O.CCOP([O-])=O.CCOP([O-])=O
126-07-8,COC1=CC(OC)=C(Cl)C2=C1C(=O)[C@]1(O2)[C@H](C)CC(=O)C=C1OC
76-44-8,ClC1C=CC2C1C1(Cl)C(Cl)=C(Cl)C2(Cl)C1(Cl)Cl
118-74-1,ClC1=C(Cl)C(Cl)=C(Cl)C(Cl)=C1Cl
58-89-9,Cl[C@H]1[C@H](Cl)[C@@H](Cl)[C@@H](Cl)[C@H](Cl)[C@H]1Cl
608-73-1,ClC1C(Cl)C(Cl)C(Cl)C(Cl)C1Cl
70-30-4,OC1=C(CC2=C(Cl)C(Cl)=CC(Cl)=C2O)C(Cl)=C(Cl)C=C1Cl
101-21-3,CC(C)OC(=O)NC1=CC=CC(Cl)=C1
119-38-0,CC(C)N1N=C(C)C=C1OC(=O)N(C)C
122-42-9,CC(C)OC(=O)NC1=CC=CC=C1
121-75-5,CCOC(=O)CC(SP(=S)(OC)OC)C(=O)OCC
12427-38-2,[Mn++].[S-]C(=S)NCCNC([S-])=S
950-37-8,COC1=NN(CSP(=S)(OC)OC)C(=O)S1
72-43-5,COC1=CC=C(C=C1)C(C1=CC=C(OC)C=C1)C(Cl)(Cl)Cl
315-18-4,CNC(=O)OC1=CC(C)=C(N(C)C)C(C)=C1
86-88-4,NC(=S)NC1=C2C=CC=CC2=CC=C1
54-11-5,CN1CCC[C@H]1C1=CN=CC=C1
1836-75-5,[O-][N+](=O)C1=CC=C(OC2=C(Cl)C=C(Cl)C=C2)C=C1
23135-22-0,CNC(=O)ON=C(SC)C(=O)N(C)C
14698-29-4,CCN1C=C(C(O)=O)C(=O)C2=CC3=C(OCO3)C=C12
56-38-2,CCOP(=S)(OCC)OC1=CC=C(C=C1)[N+]([O-])=O
82-68-8,[O-][N+](=O)C1=C(Cl)C(Cl)=C(Cl)C(Cl)=C1Cl
87-86-5,OC1=C(Cl)C(Cl)=C(Cl)C(Cl)=C1Cl
90-43-7,OC1=C(C=CC=C1)C1=CC=CC=C1
13171-21-6,CCN(CC)C(=O)C(Cl)=C(C)OP(=O)(OC)OC
1918-02-1,NC1=C(Cl)C(Cl)=NC(C(O)=O)=C1Cl
51-03-6,CCCCOCCOCCOCC1=CC2=C(OCO2)C=C1CCC
139-40-2,CC(C)NC1=NC(NC(C)C)=NC(Cl)=N1
1114-71-2,CCCCN(CC)C(=O)SCCC
83-79-4,COC1=CC2=C(C=C1OC)[C@H]1[C@@H](CO2)OC2=C(C=CC3=C2C[C@@H](O3)C(C)=C)C1=O
122-34-9,CCNC1=NC(NCC)=NC(Cl)=N1
95-06-7,CCN(CC)C(=S)SCC(Cl)=C
116-29-0,ClC1=CC=C(C=C1)S(=O)(=O)C1=CC(Cl)=C(Cl)C=C1Cl
137-26-8,CN(C)C(=S)SSC(=S)N(C)C
148-79-8,N1C2=C(C=CC=C2)N=C1C1=CSC=N1
79-19-6,NNC(N)=S
133-07-3,ClC(Cl)(Cl)SN1C(=O)C2=C(C=CC=C2)C1=O
93-72-1,CC(OC1=C(Cl)C=C(Cl)C(Cl)=C1)C(O)=O
93-76-5,OC(=O)COC1=C(Cl)C=C(Cl)C(Cl)=C1
52-68-6,COP(=O)(OC)C(O)C(Cl)(Cl)Cl
1582-09-8,CCCN(CCC)C1=C(C=C(C=C1[N+]([O-])=O)C(F)(F)F)[N+]([O-])=O
137-30-4,[Zn++].CN(C)C([S-])=S.CN(C)C([S-])=S
12122-67-7,[Zn++].[S-]C(=S)NCCNC([S-])=S
75-99-0,CC(Cl)(Cl)C(O)=O
66-76-2,OC1=C(CC2=C(O)C3=CC=CC=C3OC2=O)C(=O)OC2=CC=CC=C12
97-23-4,OC1=CC=C(Cl)C=C1CC1=CC(Cl)=CC=C1O
110-54-3,CCCCCC
114-26-1,CNC(=O)OC1=CC=CC=C1OC(C)C
115-90-2,CCOP(=S)(OCC)OC1=CC=C(C=C1)S(C)=O
134-62-3,CCN(CC)C(=O)C1=CC=CC(C)=C1
298-04-4,CCOP(=S)(OCC)SCCSCC
314-40-9,CCC(C)N1C(=O)NC(C)=C(Br)C1=O
534-52-1,CC1=C(O)C(=CC(=C1)[N+]([O-])=O)[N+]([O-])=O
786-19-6,CCOP(=S)(OCC)SCSC1=CC=C(Cl)C=C1
1689-83-4,OC1=C(I)C=C(C=C1I)C#N
1689-84-5,OC1=C(Br)C=C(C=C1Br)C#N
2032-59-9,CNC(=O)OC1=CC(C)=C(C=C1)N(C)C
2104-64-5,CCOP(=S)(OC1=CC=C(C=C1)[N+]([O-])=O)C1=CC=CC=C1
10453-86-8,CC(C)=CC1C(C(=O)OCC2=COC(CC3=CC=CC=C3)=C2)C1(C)C
13071-79-9,CCOP(=S)(OCC)SCSC(C)(C)C
15972-60-8,CCC1=CC=CC(CC)=C1N(COC)C(=O)CCl
16752-77-5,CNC(=O)ON=C(C)SC
52645-53-1,CC1(C)C(C=C(Cl)Cl)C1C(=O)OCC1=CC(OC2=CC=CC=C2)=CC=C1
70124-77-5,CC(C)[C@H](C(=O)OC(C#N)C1=CC=CC(OC2=CC=CC=C2)=C1)C1=CC=C(OC(F)F)C=C1
1610-18-0,COC1=NC(NC(C)C)=NC(NC(C)C)=N1
50471-44-8,CC1(OC(=O)N(C1=O)C1=CC(Cl)=CC(Cl)=C1)C=C
51218-45-2,CCC1=C(N(C(C)COC)C(=O)CCl)C(C)=CC=C1
73-24-5,NC1=NC=NC2=C1N=CN2
54965-21-8,CCCSC1=CC=C2NC(NC(=O)OC)=NC2=C1
14769-73-4,C1CN2C[C@@H](N=C2S1)C1=CC=CC=C1
81-81-2,CC(=O)CC(C1=CC=CC=C1)C1=C(O)C2=CC=CC=C2OC1=O
30560-19-1,COP(=O)(NC(C)=O)SC
34256-82-1,CCOCN(C(=O)CCl)C1=C(CC)C=CC=C1C
1646-88-4,CNC(=O)O\N=C\C(C)(C)S(C)(=O)=O
74223-64-6,COC(=O)C1=C(C=CC=C1)S(=O)(=O)NC(=O)NC1=NC(C)=NC(OC)=N1
67485-29-4,CC1(C)CNC(NC1)=NN=C(\C=C\C1=CC=C(C=C1)C(F)(F)F)/C=C/C1=CC=C(C=C1)C(F)(F)F
834-12-8,CCNC1=NC(SC)=NC(NC(C)C)=N1
33089-61-1,CN(\C=N\C1=C(C)C=C(C)C=C1)\C=N\C1=C(C)C=C(C)C=C1
74115-24-5,ClC1=CC=CC=C1C1=NN=C(N=N1)C1=C(Cl)C=CC=C1
3337-71-1,COC(=O)NS(=O)(=O)C1=CC=C(N)C=C1
7440-39-3,[Ba]
43121-43-3,CC(C)(C)C(=O)C(OC1=CC=C(Cl)C=C1)N1C=NC=N1
1861-40-1,CCCCN(CC)C1=C(C=C(C=C1[N+]([O-])=O)C(F)(F)F)[N+]([O-])=O
17804-35-2,CCCCNC(=O)N1C(NC(=O)OC)=NC2=C1C=CC=C2
25057-89-0,CC(C)N1C(=O)C2=C(NS1(=O)=O)C=CC=C2
2008-41-5,CCSC(=O)N(CC(C)C)CC(C)C
55285-14-8,CCCCN(CCCC)SN(C)C(=O)OC1=C2OC(C)(C)CC2=CC=C1
5234-68-4,CC1=C(SCCO1)C(=O)NC1=CC=CC=C1
90982-32-4,CCOC(=O)C1=CC=CC=C1S(=O)(=O)NC(=O)NC1=NC(OC)=CC(Cl)=N1
64902-72-3,COC1=NC(C)=NC(NC(=O)NS(=O)(=O)C2=C(Cl)C=CC=C2)=N1
7440-50-8,[Cu]
21725-46-2,CCNC1=NC(NC(C)(C)C#N)=NC(Cl)=N1
68085-85-8,CC1(C)C(\C=C(/Cl)C(F)(F)F)C1C(=O)OC(C#N)C1=CC=CC(OC2=CC=CC=C2)=C1
52315-07-8,CC1(C)C(C=C(Cl)Cl)C1C(=O)OC(C#N)C1=CC=CC(OC2=CC=CC=C2)=C1
66215-27-8,NC1=NC(NC2CC2)=NC(N)=N1
1861-32-1,COC(=O)C1=C(Cl)C(Cl)=C(C(=O)OC)C(Cl)=C1Cl
39515-41-8,CC1(C)C(C(=O)OC(C#N)C2=CC=CC(OC3=CC=CC=C3)=C2)C1(C)C
1918-00-9,COC1=C(Cl)C=CC(Cl)=C1C(O)=O
94-82-6,OC(=O)CCCOC1=CC=C(Cl)C=C1Cl
35367-38-5,FC1=CC=CC(F)=C1C(=O)NC(=O)NC1=CC=C(Cl)C=C1
55290-64-7,CC1=C(C)S(=O)(=O)CCS1(=O)=O
131-89-5,OC1=C(C=C(C=C1C1CCCCC1)[N+]([O-])=O)[N+]([O-])=O
957-51-7,CN(C)C(=O)C(C1=CC=CC=C1)C1=CC=CC=C1
145-73-3,OC(=O)C1C2CCC(O2)C1C(O)=O
16672-87-0,OP(O)(=O)CCCl
563-12-2,CCOP(=S)(OCC)SCSP(=S)(OCC)OCC
759-94-4,CCCN(CCC)C(=O)SCC
101200-48-0,COC(=O)C1=CC=CC=C1S(=O)(=O)NC(=O)N(C)C1=NC(OC)=NC(C)=N1
22224-92-6,CCOP(=O)(NC(C)C)OC1=CC=C(SC)C(C)=C1
59756-60-4,CN1C=C(C(=O)C(=C1)C1=CC(=CC=C1)C(F)(F)F)C1=CC=CC=C1
56425-91-3,CC(C)C(O)(C1=CC=C(OC(F)(F)F)C=C1)C1=CN=CN=C1
66332-96-5,CC(C)OC1=CC(NC(=O)C2=C(C=CC=C2)C(F)(F)F)=CC=C1
72178-02-0,CS(=O)(=O)NC(=O)C1=CC(OC2=CC=C(C=C2Cl)C(F)(F)F)=CC=C1[N+]([O-])=O
944-22-9,CCOP(=S)(CC)SC1=CC=CC=C1
77182-82-2,[NH4+].CP(O)(=O)CCC(N)C([O-])=O
1071-83-6,OC(=O)CNCP(O)(O)=O
79277-27-3,COC(=O)C1=C(C=CS1)S(=O)(=O)NC(=O)NC1=NC(C)=NC(OC)=N1
51235-04-2,CN(C)C1=NC(=O)N(C2CCCCC2)C(=O)N1C
74-90-8,C#N
35554-44-0,ClC1=CC(Cl)=C(C=C1)C(CN1C=CN=C1)OCC=C
36734-19-7,CC(C)NC(=O)N1CC(=O)N(C1=O)C1=CC(Cl)=CC(Cl)=C1
33820-53-0,CCCN(CCC)C1=C(C=C(C=C1[N+]([O-])=O)C(C)C)[N+]([O-])=O
77501-63-4,CCOC(=O)C(C)OC(=O)C1=C(C=CC(OC2=C(Cl)C=C(C=C2)C(F)(F)F)=C1)[N+]([O-])=O
7439-92-1,[Pb]
330-55-2,CON(C)C(=O)NC1=CC=C(Cl)C(Cl)=C1
83055-99-6,COC(=O)C1=C(CS(=O)(=O)NC(=O)NC2=NC(OC)=CC(OC)=N2)C=CC=C1
57837-19-1,COCC(=O)N(C(C)C(=O)OC)C1=C(C)C=CC=C1C
10265-92-6,COP(N)(=O)SC
21087-64-9,CSC1=NN=C(C(=O)N1N)C(C)(C)C
2212-67-1,CCSC(=O)N1CCCCCC1
300-76-5,COP(=O)(OC)OC(Br)C(Cl)(Cl)Br
15299-99-7,CCN(CC)C(=O)C(C)OC1=C2C=CC=CC2=CC=C1
27314-13-2,CNC1=C(Cl)C(=O)N(N=C1)C1=CC=CC(=C1)C(F)(F)F
85509-19-9,C[Si](CN1C=NC=N1)(C1=CC=C(F)C=C1)C1=CC=C(F)C=C1
19044-88-3,CCCN(CCC)C1=C(C=C(C=C1[N+]([O-])=O)S(N)(=O)=O)[N+]([O-])=O
42874-03-3,CCOC1=CC(OC2=CC=C(C=C2Cl)C(F)(F)F)=CC=C1[N+]([O-])=O
76738-62-0,CC(C)(C)[C@@H](O)[C@@H](CC1=CC=C(Cl)C=C1)N1C=NC=N1
40487-42-1,CCC(CC)NC1=C(C(C)=C(C)C=C1[N+]([O-])=O)[N+]([O-])=O
13684-63-4,COC(=O)NC1=CC(OC(=O)NC2=CC=CC(C)=C2)=CC=C1
2310-17-0,CCOP(=S)(OCC)SCN1C(=O)OC2=CC(Cl)=CC=C12
732-11-6,COP(=S)(OC)SCN1C(=O)C2=C(C=CC=C2)C1=O
67747-09-5,CCCN(CCOC1=C(Cl)C=C(Cl)C=C1Cl)C(=O)N1C=CN=C1
7287-19-6,CSC1=NC(NC(C)C)=NC(NC(C)C)=N1
1918-16-7,CC(C)N(C(=O)CCl)C1=CC=CC=C1
2312-35-8,CC(C)(C)C1=CC=C(OC2CCCCC2OS(=O)OCC#C)C=C1
60207-90-1,CCCC1COC(CN2C=NC=N2)(O1)C1=C(Cl)C=C(Cl)C=C1
81335-77-5,CCC1=CN=C(C2=NC(C)(C(C)C)C(=O)N2)C(=C1)C(O)=O
13593-03-8,CCOP(=S)(OCC)OC1=CN=C2C=CC=CC2=N1
78587-05-0,C[C@H]1[C@@H](SC(=O)N1C(=O)NC1CCCCC1)C1=CC=C(Cl)C=C1
74051-80-2,CCCC(=NOCC)C1=C(O)CC(CC(C)SCC)CC1=O
88671-89-0,CCCCC(CN1C=NC=N1)(C#N)C1=CC=C(Cl)C=C1
34014-18-1,CNC(=O)N(C)C1=NN=C(S1)C(C)(C)C
5902-51-2,CC1=C(Cl)C(=O)N(C(=O)N1)C(C)(C)C
886-50-0,CCNC1=NC(SC)=NC(NC(C)(C)C)=N1
3689-24-5,CCOP(=S)(OCC)OP(=S)(OCC)OCC
28249-77-6,CCN(CC)C(=O)SCC1=CC=C(Cl)C=C1
66841-25-6,CC1(C)[C@@H](C(Br)C(Br)(Br)Br)[C@H]1C(=O)O[C@H](C#N)C1=CC(OC2=CC=CC=C2)=CC=C1
82097-50-5,COC1=NC(C)=NC(NC(=O)NS(=O)(=O)C2=C(OCCCl)C=CC=C2)=N1
58138-08-2,ClC1=CC(=CC(Cl)=C1)C1(CC(Cl)(Cl)Cl)CO1
1929-77-7,CCCSC(=O)N(CCC)CCC
52-51-7,OCC(Br)(CO)[N+]([O-])=O
10605-21-7,COC(=O)NC1=NC2=CC=CC=C2N1
2675-77-6,COC1=CC(Cl)=C(OC)C=C1Cl
66-81-9,C[C@H]1C[C@H](C)C(=O)[C@@H](C1)[C@H](O)CC1CC(=O)NC(=O)C1
533-74-4,CN1CSC(=S)N(C)C1
35691-65-7,BrCC(Br)(CCC#N)C#N
94-96-2,CCCC(O)C(CC)CO
26530-20-1,CCCCCCCCN1SC=CC1=O
83-26-1,CC(C)(C)C(=O)C1C(=O)C2=CC=CC=C2C1=O
117-18-0,[O-][N+](=O)C1=C(Cl)C(Cl)=CC(Cl)=C1Cl
74-84-0,CC
5915-41-3,CCNC1=NC(NC(C)(C)C)=NC(Cl)=N1
137-42-8,[Na+].CNC([S-])=S
593-50-0,CCCCCCCCCCCCCCCCCCCCCCCCCCCCCCO
1702-17-6,OC(=O)C1=C(Cl)C=CC(Cl)=N1
98730-04-2,CC1COC2=C(C=CC=C2)N1C(=O)C(Cl)Cl
1305-78-8,[O--].[Ca++]
107534-96-3,CC(C)(C)C(O)(CCC1=CC=C(Cl)C=C1)CN1C=NC=N1
22781-23-3,CNC(=O)OC1=CC=CC2=C1OC(C)(C)O2
741-58-2,CC(C)OP(=S)(OC(C)C)SCCNS(=O)(=O)C1=CC=CC=C1
33629-47-9,CCC(C)NC1=C(C=C(C=C1[N+]([O-])=O)C(C)(C)C)[N+]([O-])=O
2439-01-2,CC1=CC2=NC3=C(SC(=O)S3)N=C2C=C1
54593-83-8,CCOP(=S)(OCC)OC(Cl)C(Cl)(Cl)Cl
3691-35-8,ClC1=CC=C(C=C1)C(C(=O)C1C(=O)C2=C(C=CC=C2)C1=O)C1=CC=CC=C1
105512-06-9,C[C@@H](OC1=CC=C(OC2=NC=C(Cl)C=C2F)C=C1)C(=O)OCC#C
81777-89-1,CC1(C)CON(CC2=C(Cl)C=CC=C2)C1=O
1134-23-2,CCSC(=O)N(CC)C1CCCCC1
13121-70-5,O[Sn](C1CCCCC1)(C1CCCCC1)C1CCCCC1
57966-95-7,CCNC(=O)NC(=O)C(=N\OC)\C#N
121552-61-2,CC1=NC(NC2=CC=CC=C2)=NC(=C1)C1CC1
1194-65-6,ClC1=CC=CC(Cl)=C1C#N
119446-68-3,CC1COC(CN2C=NC=N2)(O1)C1=C(Cl)C=C(OC2=CC=C(Cl)C=C2)C=C1
104653-34-1,OC1=C(C2CC(CC3=C2C=CC=C3)C2=CC=C(C=C2)C2=CC=C(Br)C=C2)C(=O)SC2=CC=CC=C12
87674-68-8,COCC(C)N(C(=O)CCl)C1=C(C)SC=C1C
82-66-6,O=C(C(C1=CC=CC=C1)C1=CC=CC=C1)C1C(=O)C2=C(C=CC=C2)C1=O
97886-45-8,CSC(=O)C1=C(N=C(C(C(=O)SC)=C1CC(C)C)C(F)(F)F)C(F)F
55283-68-6,CCN(CC(C)=C)C1=C(C=C(C=C1[N+]([O-])=O)C(F)(F)F)[N+]([O-])=O
60168-88-9,OC(C1=CC=C(Cl)C=C1)(C1=CN=CN=C1)C1=CC=CC=C1Cl
13356-08-6,CC(C)(C[Sn](CC(C)(C)C1=CC=CC=C1)(CC(C)(C)C1=CC=CC=C1)O[Sn](CC(C)(C)C1=CC=CC=C1)(CC(C)(C)C1=CC=CC=C1)CC(C)(C)C1=CC=CC=C1)C1=CC=CC=C1
66441-23-4,CCOC(=O)C(C)OC1=CC=C(OC2=NC3=C(O2)C=C(Cl)C=C3)C=C1
72490-01-8,CCOC(=O)NCCOC1=CC=C(OC2=CC=CC=C2)C=C1
131341-86-1,FC1(F)OC2=CC=CC(=C2O1)C1=CNC=C1C#N
25311-71-1,CCOP(=S)(NC(C)C)OC1=CC=CC=C1C(=O)OC(C)C
132-66-1,OC(=O)C1=C(C=CC=C1)C(=O)NC1=CC=CC2=C1C=CC=C2
138261-41-3,[O-][N+](=O)\N=C1/NCCN1CC1=CN=C(Cl)C=C1
298-02-2,CCOP(=S)(OCC)SCSCC
86209-51-0,COC(=O)C1=C(C=CC=C1)S(=O)(=O)NC(=O)NC1=NC(OC(F)F)=CC(OC(F)F)=N1
41198-08-7,CCCSP(=O)(OCC)OC1=C(Cl)C=C(Br)C=C1
31218-83-4,CCNP(=S)(OC)O\C(C)=C\C(=O)OC(C)C
1982-49-6,CC1CCCCC1NC(=O)NC1=CC=CC=C1
3383-96-8,COP(=S)(OC)OC1=CC=C(SC2=CC=C(OP(=S)(OC)OC)C=C2)C=C1
55219-65-3,CC(C)(C)C(O)C(OC1=CC=C(Cl)C=C1)N1C=NC=N1
68694-11-1,CCCOC\C(=N/C1=C(C=C(Cl)C=C1)C(F)(F)F)N1C=CN=C1
126535-15-7,COC(=O)C1=C(C(C)=CC=C1)S(=O)(=O)NC(=O)NC1=NC(=NC(OCC(F)(F)F)=N1)N(C)C
83657-22-1,CC(C)(C)C(O)C(=C/C1=CC=C(Cl)C=C1)\N1C=NC=N1
56073-10-0,OC1=C(C2CC(CC3=CC=CC=C23)C2=CC=C(C=C2)C2=CC=C(Br)C=C2)C(=O)OC2=CC=CC=C12
116255-48-2,ClC1=CC(Cl)=C(C=C1)C1(CN2C=NC=N2)CC(Br)CO1
2536-31-4,COC(=O)C1(O)C2=C(C=CC=C2)C2=C1C=C(Cl)C=C2
39515-40-7,CC(C)=CC1C(C(=O)OC(C#N)C2=CC=CC(OC3=CC=CC=C3)=C2)C1(C)C
38727-55-8,CCOC(=O)CN(C(=O)CCl)C1=C(CC)C=CC=C1CC
2593-15-9,CCOC1=NC(=NS1)C(Cl)(Cl)Cl
114369-43-6,ClC1=CC=C(CCC(CN2C=NC=N2)(C#N)C2=CC=CC=C2)C=C1
79622-59-6,[O-][N+](=O)C1=CC(=C(Cl)C(=C1NC1=C(Cl)C=C(C=N1)C(F)(F)F)[N+]([O-])=O)C(F)(F)F
103361-09-7,FC1=CC2=C(C=C1N1C(=O)C3=C(CCCC3)C1=O)N(CC#C)C(=O)CO2
134098-61-6,CN1N=C(C)C(\C=N\OCC2=CC=C(C=C2)C(=O)OC(C)(C)C)=C1OC1=CC=CC=C1
91465-08-6,CC1(C)[C@@H](\C=C(/Cl)C(F)(F)F)[C@H]1C(=O)O[C@H](C#N)C1=CC=CC(OC2=CC=CC=C2)=C1
23103-98-2,CN(C)C(=O)OC1=C(C)C(C)=NC(=N1)N(C)C
96489-71-3,CC(C)(C)N1N=CC(SCC2=CC=C(C=C2)C(C)(C)C)=C(Cl)C1=O
79538-32-2,CC1=C(F)C(F)=C(COC(=O)C2C(\C=C(/Cl)C(F)(F)F)C2(C)C)C(F)=C1F
59669-26-0,CS\C(C)=N\OC(=O)N(C)SN(C)C(=O)O\N=C(/C)SC
28772-56-7,OC(CC(C1=CC=CC=C1)C1=C(O)C2=C(OC1=O)C=CC=C2)C1=CC=C(C=C1)C1=CC=C(Br)C=C1
63333-35-7,CN(C1=C(Br)C=C(Br)C=C1Br)C1=C(C=C(C=C1[N+]([O-])=O)[N+]([O-])=O)C(F)(F)F
94361-06-5,CC(C1CC1)C(O)(CN1C=NC=N1)C1=CC=C(Cl)C=C1
80844-07-1,CCOC1=CC=C(C=C1)C(C)(C)COCC1=CC(OC2=CC=CC=C2)=CC=C1
13194-48-4,CCCSP(=O)(OCC)SCCC
122-14-5,COP(=S)(OC)OC1=CC=C(C(C)=C1)[N+]([O-])=O
33245-39-5,CCCN(CCCl)C1=C(C=C(C=C1[N+]([O-])=O)C(F)(F)F)[N+]([O-])=O
98967-40-9,CC1=NC2=NC(=NN2C=C1)S(=O)(=O)NC1=C(F)C=CC=C1F
86479-06-3,FC(F)C(F)(F)OC1=C(Cl)C=C(NC(=O)NC(=O)C2=C(F)C=CC=C2F)C=C1Cl
10004-44-1,CC1=CC(=O)NO1
42588-37-4,CC(C)CCCC(C)C\C=C\C(\C)=C\C(=O)OCC#C
2032-65-7,CNC(=O)OC1=CC(C)=C(SC)C(C)=C1
40596-69-8,COC(C)(C)CCCC(C)C\C=C\C(\C)=C\C(=O)OC(C)C
77732-09-3,COCC(=O)N(N1CCOC1=O)C1=C(C)C=CC=C1C
123312-89-0,CC1=NNC(=O)N(C1)\N=C\C1=CC=CN=C1
55512-33-9,CCCCCCCCSC(=O)OC1=CC(Cl)=NN=C1C1=CC=CC=C1
95737-68-1,CC(COC1=CC=C(OC2=CC=CC=C2)C=C1)OC1=NC=CC=C1
84087-01-4,OC(=O)C1=C(Cl)C=CC2=CC(Cl)=CN=C12
122931-48-0,CCS(=O)(=O)C1=CC=CN=C1S(=O)(=O)NC(=O)NC1=NC(OC)=CC(OC)=N1
122836-35-5,CC1=NN(C(=O)N1C(F)F)C1=CC(NS(C)(=O)=O)=C(Cl)C=C1Cl
4151-50-2,CCNS(=O)(=O)C(F)(F)C(F)(F)C(F)(F)C(F)(F)C(F)(F)C(F)(F)C(F)(F)C(F)(F)F
22248-79-9,COP(=O)(OC)O\C(=C/Cl)C1=C(Cl)C=C(Cl)C(Cl)=C1
7696-12-0,CC(C)=CC1C(C(=O)OCN2C(=O)C3=C(CCCC3)C2=O)C1(C)C
51707-55-2,O=C(NC1=CN=NS1)NC1=CC=CC=C1
27519-02-4,CCCCCCCCCCCCC\C=C/CCCCCCCC
26644-46-2,ClC(Cl)(Cl)C(NC=O)N1CCN(CC1)C(NC=O)C(Cl)(Cl)Cl
131983-72-7,CC1(C)CCC(=CC2=CC=C(Cl)C=C2)C1(O)CN1C=NC=N1
123343-16-8,[Na+].COC1=CC(OC)=NC(SC2=C(C([O-])=O)C(Cl)=CC=C2)=N1
7786-34-7,COC(=O)C=C(C)OP(=O)(OC)OC
26002-80-2,CC(C)=CC1C(C(=O)OCC2=CC=CC(OC3=CC=CC=C3)=C2)C1(C)C
32809-16-8,CC12CC1(C)C(=O)N(C2=O)C1=CC(Cl)=CC(Cl)=C1
29091-21-2,CCCN(CCC)C1=C(C(N)=C(C=C1[N+]([O-])=O)C(F)(F)F)[N+]([O-])=O
119168-77-3,CCC1=NN(C)C(C(=O)NCC2=CC=C(C=C2)C(C)(C)C)=C1Cl
62732-91-6,CCOCCOCCOC(=O)NC1=NC2=C(N1)C=CC=C2
101-10-0,CC(OC1=CC(Cl)=CC=C1)C(O)=O
470-90-6,CCOP(=O)(OCC)OC(=CCl)C1=C(Cl)C=C(Cl)C=C1
2464-37-1,OC(=O)C1(O)C2=C(C=CC=C2)C2=C1C=C(Cl)C=C2
122-88-3,OC(=O)COC1=CC=C(Cl)C=C1
135410-20-7,CN(CC1=CN=C(Cl)C=C1)C(\C)=N\C#N
112143-82-5,CCOC(=O)CSC1=NC(=NN1C(=O)N(C)C)C(C)(C)C
14816-18-3,CCOP(=S)(OCC)O\N=C(/C#N)C1=CC=CC=C1
12771-68-5,COC1=CC=C(C=C1)C(O)(C1CC1)C1=CN=CN=C1
64628-44-0,FC(F)(F)OC1=CC=C(NC(=O)NC(=O)C2=CC=CC=C2Cl)C=C1
103055-07-8,FC(C(F)(F)F)C(F)(F)OC1=CC(Cl)=C(NC(=O)NC(=O)C2=C(F)C=CC=C2F)C=C1Cl
18181-80-1,CC(C)OC(=O)C(O)(C1=CC=C(Br)C=C1)C1=CC=C(Br)C=C1
69327-76-0,CC(C)N1C(SCN(C1=O)C1=CC=CC=C1)=NC(C)(C)C
23184-66-9,CCCCOCN(C(=O)CCl)C1=C(CC)C=CC=C1CC
36756-79-3,CCC(C)N(C(C)CC)C(=O)SCC1=CC=CC=C1
87818-31-3,CC(C)[C@]12CC[C@](C)(O1)[C@@H](C2)OCC1=C(C)C=CC=C1
99129-21-2,CCSC(C)CC1CC(O)=C(\C(CC)=N\OC\C=C\Cl)C(=O)C1
125116-23-6,CC1(C)CCC(CC2=CC=C(Cl)C=C2)C1(O)CN1C=NC=N1
122008-85-9,CCCCOC(=O)[C@@H](C)OC1=CC=C(OC2=C(F)C=C(C=C2)C#N)C=C1
13684-56-5,CCOC(=O)NC1=CC(OC(=O)NC2=CC=CC=C2)=CC=C1
23564-06-9,CCOC(=O)NC(=S)NC1=C(NC(=S)NC(=O)OCC)C=CC=C1
2764-72-9,C1C[N+]2=C(C=CC=C2)C2=CC=CC=[N+]12
26225-79-6,CCOC1OC2=C(C=C(OS(C)(=O)=O)C=C2)C1(C)C
67564-91-4,CC(CN1C[C@H](C)O[C@H](C)C1)CC1=CC=C(C=C1)C(C)(C)C
120068-37-3,NC1=C(C(=NN1C1=C(Cl)C=C(C=C1Cl)C(F)(F)F)C#N)S(=O)C(F)(F)F
104040-78-0,COC1=CC(OC)=NC(NC(=O)NS(=O)(=O)C2=NC=CC=C2C(F)(F)F)=N1
68157-60-8,ClC1=NC=CC(NC(=O)NC2=CC=CC=C2)=C1
100784-20-1,COC(=O)C1=C(N(C)N=C1Cl)S(=O)(=O)NC(=O)NC1=NC(OC)=CC(OC)=N1
79983-71-4,CCCCC(O)(CN1C=NC=N1)C1=CC=C(Cl)C=C1Cl
81334-34-1,CC(C)C1(C)N=C(NC1=O)C1=NC=CC=C1C(O)=O
125225-28-7,CC(C)C1CCC(CC2=CC=C(Cl)C=C2)C1(O)CN1C=NC=N1
42509-80-8,CCOP(=S)(OCC)OC1=NN(C(C)C)C(Cl)=N1
53780-34-0,CC(=O)NC1=CC(NS(=O)(=O)C(F)(F)F)=C(C)C=C1C
111991-09-4,COC1=CC(OC)=NC(NC(=O)NS(=O)(=O)C2=NC=CC=C2C(=O)N(C)C)=N1
61444-62-0,NC1=C(NC(=O)C(F)(F)C(F)F)C=C(C=C1[N+]([O-])=O)C(F)(F)F
57018-04-9,COP(=S)(OC)OC1=C(Cl)C=C(C)C=C1Cl
5259-88-1,CC1=C(C(=O)NC2=CC=CC=C2)S(=O)(=O)CCO1
4685-14-7,C[N+]1=CC=C(C=C1)C1=CC=[N+](C)C=C1
35575-96-3,COP(=O)(OC)SCN1C(=O)OC2=CC(Cl)=CN=C12
94125-34-5,COC1=NC(C)=NC(NC(=O)NS(=O)(=O)C2=C(CCC(F)(F)F)C=CC=C2)=N1
1698-60-8,NC1=C(Cl)C(=O)N(N=C1)C1=CC=CC=C1
53112-28-0,CC1=CC(C)=NC(NC2=CC=CC=C2)=N1
299-84-3,COP(=S)(OC)OC1=C(Cl)C=C(Cl)C(Cl)=C1
98886-44-3,CCOP(=O)(SC(C)CC)N1CCSC1=O
74222-97-2,COC(=O)C1=CC=CC=C1S(=O)(=O)NC(=O)NC1=NC(C)=CC(C)=N1
81591-81-3,C[S+](C)C.OP(O)(=O)CNCC([O-])=O
7704-34-9,[S]
112410-23-8,CCC1=CC=C(C=C1)C(=O)NN(C(=O)C1=CC(C)=CC(C)=C1)C(C)(C)C
65691-00-1,ClC1=CC=C(C=C1)C1=CC(=C(S1)C1=CC=CC=C1)C1=CC=CC=C1
87820-88-0,CCON=C(CC)C1=C(O)CC(CC1=O)C1=C(C)C=C(C)C=C1C
111578-32-6,CON(C)C(=O)NC1=CC=C(OC2=CC=C3C(OC(C)(CC3(C)C)OC)=C2)C=C1
30043-49-3,CCS(=O)(=O)C1=NN=C(S1)N(C)C(=O)NC
525-79-1,C(NC1=C2N=CN=C2N=CN1)C1=CC=CO1
68359-37-5,CC1(C)C(C=C(Cl)Cl)C1C(=O)OC(C#N)C1=CC=C(F)C(OC2=CC=CC=C2)=C1
74738-17-3,ClC1=CC=CC(C2=CNC=C2C#N)=C1Cl
38966-21-1,C[C@@]1(CO)[C@H](O)CC[C@@]2(C)[C@H]1CC[C@H]1C[C@@H]3C[C@]21CC[C@]3(O)CO
41814-78-2,CC1=C2N3C=NN=C3SC2=CC=C1
55179-31-2,CC(C)(C)C(O)C(OC1=CC=C(C=C1)C1=CC=CC=C1)N1C=NC=N1
95465-99-9,CCOP(=O)(SC(C)CC)SC(C)CC
6164-98-3,CN(C)\C=N\C1=CC=C(Cl)C=C1C
24934-91-6,CCOP(=S)(OCC)SCCl
7700-17-6,COP(=O)(OC)O\C(C)=C\C(=O)OC(C)C1=CC=CC=C1
299-86-5,CNP(=O)(OC)OC1=CC=C(C=C1Cl)C(C)(C)C
10311-84-9,CCOP(=S)(OCC)SC(CCl)N1C(=O)C2=C(C=CC=C2)C1=O
87130-20-9,CCOC1=CC=C(NC(=O)OC(C)C)C=C1OCC
4147-51-7,CCSC1=NC(NC(C)C)=NC(NC(C)C)=N1
2497-07-6,CCOP(=S)(OCC)SCCS(=O)CC
136-25-4,CC(Cl)(Cl)C(=O)OCCOC1=CC(Cl)=C(Cl)C=C1Cl
29973-13-5,CCSCC1=C(OC(=O)NC)C=CC=C1
101-42-8,CN(C)C(=O)NC1=CC=CC=C1
15457-05-3,[O-][N+](=O)C1=CC=C(OC2=C(C=C(C=C2)C(F)(F)F)[N+]([O-])=O)C=C1
102851-06-9,CC(C)[C@@H](NC1=C(Cl)C=C(C=C1)C(F)(F)F)C(=O)OC(C#N)C1=CC(OC2=CC=CC=C2)=CC=C1
55814-41-0,CC(C)OC1=CC=CC(NC(=O)C2=C(C)C=CC=C2)=C1
18691-97-9,CNC(=O)N(C)C1=NC2=C(S1)C=CC=C2
1746-81-2,CON(C)C(=O)NC1=CC=C(Cl)C=C1
10552-74-6,CC(C)OC(=O)C1=CC(=CC(=C1)C(=O)OC(C)C)[N+]([O-])=O
1113-02-6,CNC(=O)CSP(=O)(OC)OC
1014-70-6,CCNC1=NC(SC)=NC(NCC)=N1
24017-47-8,CCOP(=S)(OCC)OC1=NN(C=N1)C1=CC=CC=C1
2631-37-0,CNC(=O)OC1=CC(=CC(C)=C1)C(C)C
2275-18-5,CCOP(=S)(OCC)SCC(=O)NC(C)C
33089-74-6,CNC=NC1=CC=C(C)C=C1C
327-98-0,CCOP(=S)(CC)OC1=C(Cl)C=C(Cl)C(Cl)=C1
116-06-3,CNC(=O)ON=CC(C)(C)SC
72962-43-7,CC(C)[C@H](C)[C@@H](O)[C@H](O)[C@@H](C)[C@H]1CC[C@H]2[C@@H]3COC(=O)[C@H]4C[C@H](O)[C@H](O)C[C@]4(C)[C@H]3CC[C@]12C
29091-05-2,CCN(CC)C1=C(C=C(C(N)=C1[N+]([O-])=O)C(F)(F)F)[N+]([O-])=O
973-21-7,CCC(C)C1=CC(=CC(=C1OC(=O)OC(C)C)[N+]([O-])=O)[N+]([O-])=O
3347-22-6,O=C1C2=C(SC(C#N)=C(S2)C#N)C(=O)C2=C1C=CC=C2
7429-90-5,[Al]
97-17-6,CCOP(=S)(OCC)OC1=CC=C(Cl)C=C1Cl
22212-55-1,CCOC(=O)C(C)N(C(=O)C1=CC=CC=C1)C1=CC(Cl)=C(Cl)C=C1
80-06-8,CC(O)(C1=CC=C(Cl)C=C1)C1=CC=C(Cl)C=C1
13360-45-7,CON(C)C(=O)NC1=CC(Cl)=C(Br)C=C1
18530-56-8,CN(C)C(=O)N[C@@H]1C[C@@H]2C[C@H]1[C@@H]1CCC[C@H]21
20354-26-1,CN1C(=O)ON(C1=O)C1=CC=C(Cl)C(Cl)=C1
22936-86-3,CC(C)NC1=NC(Cl)=NC(NC2CC2)=N1
24579-73-5,CCCOC(=O)NCCCN(C)C
556-22-9,CC(O)=O.CCCCCCCCCCCCCCCCCC1=NCCN1
42576-02-3,COC(=O)C1=C(C=CC(OC2=CC=C(Cl)C=C2Cl)=C1)[N+]([O-])=O
52756-25-9,COC(=O)C(C)N(C(=O)C1=CC=CC=C1)C1=CC(Cl)=C(F)C=C1
50-65-7,OC1=C(C=C(Cl)C=C1)C(=O)NC1=CC=C(C=C1Cl)[N+]([O-])=O
83657-24-3,CC(C)(C)C(O)C(=C/C1=C(Cl)C=C(Cl)C=C1)\N1C=NC=N1
140-56-7,[Na+].CN(C)C1=CC=C(C=C1)N=NS([O-])(=O)=O
6980-18-3,[H][C@]1(O[C@@H]2[C@@H](O)[C@@H](O)[C@H](O)[C@H](O)[C@H]2O)O[C@H](C)[C@H](C[C@@H]1N)NC(=N)C(O)=O
120928-09-8,CC(C)(C)C1=CC=C(CCOC2=NC=NC3=C2C=CC=C3)C=C1
76674-21-0,OC(CN1C=NC=N1)(C1=CC=C(F)C=C1)C1=C(F)C=CC=C1
1593-77-7,CC1CN(CC(C)O1)C1CCCCCCCCCCC1
93-80-1,OC(=O)CCCOC1=C(Cl)C=C(Cl)C(Cl)=C1
24602-86-6,CCCCCCCCCCCCCN1CC(C)OC(C)C1
2797-51-5,NC1=C(Cl)C(=O)C2=C(C=CC=C2)C1=O
83164-33-4,FC1=CC=C(NC(=O)C2=C(OC3=CC(=CC=C3)C(F)(F)F)N=CC=C2)C(F)=C1
2532-49-2,CCCC1=NC(C)=CC(OC(=O)N(C)C)=N1
919-54-0,CCOC(=O)CSP(=S)(OCC)OCC
101007-06-1,CC1(C)[C@@H](\C=C/C(=O)OC(C(F)(F)F)C(F)(F)F)[C@H]1C(=O)O[C@H](C#N)C1=CC(OC2=CC=CC=C2)=CC=C1
93-71-0,ClCC(=O)N(CC=C)CC=C
6392-46-7,CNC(=O)OC1=CC(C)=C(N(CC=C)CC=C)C(C)=C1
919-76-6,COCCNC(=O)CSP(=S)(OC)OC
494-52-0,C1CC[C@H](NC1)C1=CC=CN=C1
60207-31-0,ClC1=CC(Cl)=C(C=C1)C1(CN2C=NC=N2)OCCO1
120162-55-2,COC1=CC(OC)=NC(NC(=O)NS(=O)(=O)C2=C(C=NN2C)C2=NN(C)N=N2)=N1
101-27-9,ClCC#CCOC(=O)NC1=CC=CC(Cl)=C1
71626-11-4,COC(=O)C(C)N(C(=O)CC1=CC=CC=C1)C1=C(C)C=CC=C1C
82560-54-1,CCOC(=O)CCN(SN(C)C(=O)OC1=CC=CC2=C1OC(C)(C)C2)C(C)C
15310-01-7,IC1=C(C=CC=C1)C(=O)NC1=CC=CC=C1
495-73-8,ON=C1C=CC(C=C1)=NNC(=O)C1=CC=CC=C1
29104-30-1,CCON=C(OC(=O)C1=CC=CC=C1)C1=C(OC)C=CC(Cl)=C1OC
1929-88-0,CNC(=O)NC1=NC2=CC=CC=C2S1
13181-17-4,OC1=C(Br)C=C(C=NOC2=C(C=C(C=C2)[N+]([O-])=O)[N+]([O-])=O)C=C1Br
2104-96-3,COP(=S)(OC)OC1=C(Cl)C=C(Br)C(Cl)=C1
3042-84-0,NC1=C(Br)C(=O)N(N=C1)C1=CC=CC=C1
136-63-0,CCCCOCCOCCOC(=O)C1=CC2=C(OCO2)C=C1
41483-43-6,CCCCC1=C(OS(=O)(=O)N(C)C)N=C(NCC)N=C1C
2655-19-8,CNC(=O)OC1=CC(=CC(=C1)C(C)(C)C)C(C)(C)C
35256-85-0,CC(C)N(CC1=CC=CC=C1)C(=O)C(C)(C)C
126-22-7,CCCC(=O)OC(C(Cl)(Cl)Cl)P(=O)(OC)OC
34681-23-7,CNC(=O)O\N=C(/C)C(C)S(C)(=O)=O
3766-60-7,CC(C#C)N(C)C(=O)NC1=CC=C(Cl)C=C1
31848-11-0,CN(C)C(=S)SCN1CCOCC1
16118-49-3,CCNC(=O)C(C)OC(=O)NC1=CC=CC=C1
103-17-3,ClC1=CC=C(CSC2=CC=C(Cl)C=C2)C=C1
1967-16-4,CC(OC(=O)NC1=CC(Cl)=CC=C1)C#C
14437-17-3,COC(=O)C(Cl)CC1=CC=C(Cl)C=C1
2274-74-0,ClC1=CC=C(SN=NC2=CC(Cl)=C(Cl)C=C2Cl)C=C1
71422-67-8,FC1=CC=CC(F)=C1C(=O)NC(=O)NC1=CC(Cl)=C(OC2=NC=C(C=C2Cl)C(F)(F)F)C(Cl)=C1
1836-77-7,[O-][N+](=O)C1=CC=C(OC2=C(Cl)C=C(Cl)C=C2Cl)C=C1
5836-10-2,CC(C)OC(=O)C(O)(C1=CC=C(Cl)C=C1)C1=CC=C(Cl)C=C1
115-78-6,[Cl-].CCCC[P+](CCCC)(CCCC)CC1=C(Cl)C=C(Cl)C=C1
3495-42-9,ClC1=C(Cl)C2=C(N=CC=N2)C(Cl)=C1Cl
1918-13-4,NC(=S)C1=C(Cl)C=CC=C1Cl
34484-77-0,C[C@H]1CC[C@@H](C)N1C(=O)NC1=CC=CC=C1
51487-69-5,CNC(=O)OC1=C(OC(CCl)OC)C=CC=C1
81-82-3,CC(=O)CC(C1=CC=C(Cl)C=C1)C1=C(O)C2=C(OC1=O)C=CC=C2
117-52-2,CC(=O)CC(C1=CC=CO1)C1=C(O)C2=C(OC1=O)C=CC=C2
5836-29-3,OC1=C(C2CCCC3=C2C=CC=C3)C(=O)OC2=C1C=CC=C2
535-89-7,CN(C)C1=CC(C)=NC(Cl)=N1
13067-93-1,CCOP(=S)(OC1=CC=C(C=C1)C#N)C1=CC=CC=C1
2636-26-2,COP(=S)(OC)OC1=CC=C(C=C1)C#N
3734-95-0,CCOP(=O)(OCC)SCC(=O)NC(C)(C)C#N
97-11-0,CC(C)=CC1C(C(=O)OC2CC(=O)C(C3CCC=C3)=C2C)C1(C)C
2163-69-1,CN(C)C(=O)NC1CCCCCCC1
28559-00-4,COC(=O)NC1=NC2=C(C=CC=C2)N1C(=O)NCCCCCC#N
2759-71-9,ClC1=CC=C(NC(=O)C2CC2)C=C1Cl
115-93-5,COP(=S)(OC)OC1=CC=C(C=C1)S(N)(=O)=O
24353-58-0,CC(C)COCN(C(=O)CCl)C1=C(C)C=CC=C1C
1014-69-3,CNC1=NC(SC)=NC(NC(C)C)=N1
80060-09-9,CC(C)C1=CC(OC2=CC=CC=C2)=CC(C(C)C)=C1NC(=S)NC(C)(C)C
6597-78-0,COC(=O)C1=C(OC)C(Cl)=CC=C1Cl
2463-84-5,COP(=S)(OC)OC1=CC=C(C=C1Cl)[N+]([O-])=O
1085-98-9,CN(C)S(=O)(=O)N(SC(F)(Cl)Cl)C1=CC=CC=C1
1966-58-1,CNC(=O)OCC1=CC(Cl)=C(Cl)C=C1
14214-32-5,COC1=CC=C(OC2=CC=C(NC(=O)N(C)C)C=C2)C=C1
115-26-4,CN(C)P(F)(=O)N(C)C
122-15-6,CN(C)C(=O)OC1=CC(=O)CC(C)(C)C1
22936-75-0,CCNC1=NC(SC)=NC(NC(C)C(C)C)=N1
5221-53-4,CCCCC1=C(O)N=C(N=C1C)N(C)C
644-64-4,CN(C)C(=O)OC1=NN(C(=O)N(C)C)C(C)=C1
4097-36-3,CCCC(C)C1=CC(=CC(=C1O)[N+]([O-])=O)[N+]([O-])=O
1420-07-1,CC(C)(C)C1=CC(=CC(=C1O)[N+]([O-])=O)[N+]([O-])=O
3811-49-2,COP1(=S)OCC2=CC=CC=C2O1
6988-21-2,CNC(=O)OC1=C(C=CC=C1)C1OCCO1
1918-08-7,CCCN(CCC)C1=C(C=C(C)C=C1[N+]([O-])=O)[N+]([O-])=O
5131-24-8,CCOP(=S)(OCC)N1C(=O)C2=C(C=CC=C2)C1=O
5707-69-7,CC1=NOC(=O)\C1=N/NC1=CC=CC=C1Cl
17109-49-8,CCOP(=O)(SC1=CC=CC=C1)SC1=CC=CC=C1
2778-04-3,COC1=COC(CSP(=O)(OC)OC)=CC1=O
60207-93-4,CCC1COC(CN2C=NC=N2)(O1)C1=C(Cl)C=C(Cl)C=C1
2941-55-1,CCSC(=O)N(CC)CC
64529-56-2,CCSC1=NN=C(C(=O)N1N)C(C)(C)C
23947-60-6,CCCCC1=C(O)N=C(NCC)N=C1C
38260-54-7,CCOC1=CC(OP(=S)(OC)OC)=NC(CC)=N1
52-85-7,COP(=S)(OC)OC1=CC=C(C=C1)S(=O)(=O)N(C)C
61019-78-1,CCCCC(CN1C=CN=C1)(C#N)C1=CC=CC=C1
14255-88-0,FC(F)(F)C1=NC2=C(C=C(Cl)C(Cl)=C2)N1C(=O)OC1=CC=CC=C1
75867-00-4,CC1(C)[C@H](C=C(Cl)Cl)[C@H]1C(=O)OCC1=C(F)C(F)=C(F)C(F)=C1F
80-38-6,ClC1=CC=C(OS(=O)(=O)C2=CC=CC=C2)C=C1
47000-92-0,CC(=O)NC1=CC=C(C)C(NS(=O)(=O)C(F)(F)F)=C1
13738-63-1,[O-][N+](=O)C1=CC=C(OC2=C(F)C=C(Cl)C=C2Cl)C=C1
61213-25-0,FC(F)(F)C1=CC=CC(=C1)N1CC(CCl)C(Cl)C1=O
22259-30-9,CNC(=O)OC1=CC=CC(=C1)N=CN(C)C
2540-82-1,COP(=S)(OC)SCC(=O)N(C)C=O
21548-32-3,CCOP(=O)(OCC)N=C1SCS1
3878-19-1,N1C2=CC=CC=C2N=C1C1=CC=CO1
121776-33-8,CC1(C)OC(CN1C(=O)C(Cl)Cl)C1=CC=CO1
13516-27-3,NC(=N)NCCCCCCCCNCCCCCCCCNC(N)=N
34462-96-9,ClC1=CC(Br)=C(OC(=O)C=C)C2=C1C=CC=N2
41096-46-2,CCOC(=O)\C=C(/C)\C=C\CC(C)CCCC(C)C
24353-61-5,COP(N)(=S)OC1=C(C=CC=C1)C(=O)OC(C)C
465-73-6,ClC1=C(Cl)[C@]2(Cl)[C@@H]3[C@@H]4C[C@H](C=C4)[C@@H]3[C@@]1(Cl)C2(Cl)Cl
57052-04-7,CSC1=NN=C(C(=O)N1\N=C\C(C)C)C(C)(C)C
2631-40-5,CNC(=O)OC1=C(C=CC=C1)C(C)C
34123-59-6,CC(C)C1=CC=C(NC(=O)N(C)C)C=C1
55861-78-4,CN(C)C(=O)NC1=NOC(=C1)C(C)(C)C
18854-01-8,CCOP(=S)(OCC)OC1=NOC(=C1)C1=CC=CC=C1
58769-20-3,CC1(C)[C@H](\C=C2/CCSC2=O)[C@@H]1C(=O)OCC1=COC(CC2=CC=CC=C2)=C1
4849-32-5,CN(C)C(=O)NC1=CC=CC(OC(=O)NC(C)(C)C)=C1
2164-08-1,O=C1NC2=C(CCC2)C(=O)N1C1CCCCC1
7055-03-0,CC1=C(C=CC=C1)C(=O)NC1=CC=CC=C1
2595-54-2,CCOC(=O)N(C)C(=O)CSP(=S)(OCC)OCC
29173-31-7,COC(=O)N(C)C(=O)CSP(C)(=S)OC
78-57-9,COP(=S)(OC)SCC1=NC(N)=NC(N)=N1
110235-47-7,CC#CC1=CC(C)=NC(NC2=CC=CC=C2)=N1
3060-89-7,CON(C)C(=O)NC1=CC=C(Br)C=C1
19937-59-8,COC1=C(Cl)C=C(NC(=O)N(C)C)C=C1
371-86-8,CC(C)NP(F)(=O)NC(C)C
7287-36-7,CCCC(C)(C)C(=O)NC1=CC=C(Cl)C=C1
144-41-2,COP(=S)(OC)SCC(=O)N1CCOCC1
26389-78-6,CC1=CC(=C(N(CCCl)CCCl)C(=C1)[N+]([O-])=O)[N+]([O-])=O
555-37-3,CCCCN(C)C(=O)NC1=CC(Cl)=C(Cl)C=C1
4726-14-1,CCCN(CCC)C1=C(C=C(C=C1[N+]([O-])=O)S(C)(=O)=O)[N+]([O-])=O
29672-19-3,CNC(=O)O\N=C\C(C)(C)CCC#N
991-42-4,OC(C1=CC2C3C(C1\C2=C(/C1=CC=CC=C1)C1=CC=CC=N1)C(=O)NC3=O)(C1=CC=CC=C1)C1=NC=CC=C1
63284-71-9,OC(C1=CC=C(F)C=C1)(C1=CN=CN=C1)C1=CC=CC=C1Cl
2674-91-1,CCS(=O)CC(C)SP(=O)(OC)OC
17781-31-6,OC(C1=CC=C(Cl)C=C1)(C1=CC=C(Cl)C=C1)C1=CC=CN=C1
66063-05-6,ClC1=CC=C(CN(C2CCCC2)C(=O)NC2=CC=CC=C2)C=C1
35367-31-8,FC1=CC=CC(F)=C1C(=O)NC(=O)NC1=CC=C(C=C1)C(F)(F)F
2307-68-8,CCCC(C)C(=O)NC1=CC=C(C)C(Cl)=C1
2275-14-1,CCOP(=S)(OCC)SCSC1=C(Cl)C=CC(Cl)=C1
3134-12-1,CN(C)C(=O)N(C(=O)C1=CC=CC=C1)C1=CC(Cl)=C(Cl)C=C1
2597-03-7,CCOC(=O)C(SP(=S)(OC)OC)C1=CC=CC=C1
947-02-4,CCOP(=O)(OCC)N=C1SCCS1
34643-46-4,CCCSP(=S)(OCC)OC1=C(Cl)C=C(Cl)C=C1
21267-72-1,CC(C#C)N(C(=O)CCl)C1=CC=CC=C1
13457-18-6,CCOC(=O)C1=CN2N=C(OP(=S)(OCC)OCC)C=C2N=C1C
1086-02-8,ClC1=NC(Cl)=C(C#N)C(C2=CC=CC=C2)=C1C#N
88283-41-4,CON=C(CC1=CC=CN=C1)C1=C(Cl)C=C(Cl)C=C1
53558-25-1,[O-][N+](=O)C1=CC=C(NC(=O)NCC2=CC=CN=C2)C=C1
87-47-8,CN(C)C(=O)OC1=CC(C)=NN1C1=CC=CC=C1
90717-03-6,CC1=CC2=C(N=C1)C(C(O)=O)=C(Cl)C=C2
152-16-9,CN(C)P(=O)(OP(=O)(N(C)C)N(C)C)N(C)C
37032-15-8,COCNC(=O)CSP(=S)(OC)OC
1918-18-9,COC(=O)NC1=CC(Cl)=C(Cl)C=C1
83121-18-0,FC1=CC=CC(F)=C1C(=O)NC(=O)NC1=C(F)C(Cl)=C(F)C(Cl)=C1
1918-11-2,CNC(=O)OC1=C(C=C(C)C=C1C(C)(C)C)C(C)(C)C
4212-93-5,CCCCOCN(C(=O)CCl)C1=C(C=CC=C1C)C(C)(C)C
39196-18-4,CNC(=O)ON=C(CSC)C(C)(C)C
640-15-3,CCSCCSP(=S)(OC)OC
297-97-2,CCOP(=S)(OCC)OC1=CN=CC=N1
93-75-4,S=C1SC2=C(S1)N=C1C=CC=CC1=N2
26419-73-8,CNC(=O)ON=CC1(C)SCC(C)S1
731-27-1,CN(C)S(=O)(=O)N(SC(F)(Cl)Cl)C1=CC=C(C)C=C1
1031-47-6,CN(C)P(=O)(N(C)C)N1N=C(N=C1N)C1=CC=CC=C1
16227-10-4,CCCCN1C=NN=C1
2307-49-5,COC1=C(Cl)C=C(Cl)C(Cl)=C1C(O)=O
1912-26-1,CCNC1=NC(Cl)=NC(=N1)N(CC)CC
1420-06-0,C1CN(CCO1)C(C1=CC=CC=C1)(C1=CC=CC=C1)C1=CC=CC=C1
40596-80-3,CCSC(=O)\C=C(/C)\C=C\CC(C)CCCC(C)(C)OC
83-28-3,CC(C)CC(=O)C1C(=O)C2=C(C=CC=C2)C1=O
2275-23-2,CNC(=O)C(C)SCCSP(=O)(OC)OC
63114-77-2,CC(C)N(C(=O)CCl)C1=C(C)C(C)=CC=C1
62-49-7,C[N+](C)(C)CCO
49866-87-7,CN1C(=CC(C2=CC=CC=C2)=[N+]1C)C1=CC=CC=C1
88805-35-0,CCC(=O)C1C(=O)CC(CC1=O)C(O)=O
59682-52-9,CCOP(O)(=O)C(N)=O
15263-53-3,CN(C)C(CSC(N)=O)CSC(N)=O
26399-36-0,CCCN(CC1CC1)C1=C(C=C(C=C1[N+]([O-])=O)C(F)(F)F)[N+]([O-])=O
88485-37-4,FC(F)(F)C(=NOCC1OCCO1)C1=CC=C(Cl)C=C1
38083-17-9,CC(C)(C)C(=O)C(OC1=CC=C(Cl)C=C1)N1C=CN=C1
86811-58-7,FC1=CC=CC(F)=C1C(=O)NC(=O)NC1=CC(OC2=NC=C(C=C2Cl)C(F)(F)F)=C(Cl)C=C1
118712-89-3,CC1(C)[C@H](C=C(Cl)Cl)[C@H]1C(=O)OCC1=C(F)C(F)=CC(F)=C1F
31895-21-3,CN(C)C1CSSSC1
55634-91-8,CCC\C(NOCC=C)=C1\C(=O)CC(C)(C)C(C(=O)OC)C1=O
18467-77-1,CC1(C)O[C@H]2[C@@H]3OC(C)(C)OC[C@@H]3O[C@]2(O1)C(O)=O
57646-30-7,COC(=O)C(C)N(C(=O)C1=CC=CO1)C1=C(C)C=CC=C1C
139528-85-1,COC1=NC2=NC(=NN2C(OC)=C1)S(=O)(=O)NC1=C(Cl)C(C)=CC=C1Cl
41394-05-2,CC1=NN=C(C(=O)N1N)C1=CC=CC=C1
7003-89-6,C[N+](C)(C)CCCl
7440-23-5,[Na]
7440-70-2,[Ca]
72850-64-7,FC(F)(F)C1=C(SC(Cl)=N1)C(=O)OCC1=CC=CC=C1
74782-23-3,C#CC(=NOCC1OCCO1)C1=CC=CC=C1
87-41-2,O=C1OCC2=CC=CC=C12
65907-30-4,CCCCOC(=O)N(C)SN(C)C(=O)OC1=CC=CC2=C1OC(C)(C)C2
12071-83-9,[Zn++].CC(CNC([S-])=S)NC([S-])=S
15545-48-9,CN(C)C(=O)NC1=CC(Cl)=C(C)C=C1
101205-02-1,CCCC(=NOCC)C1=C(O)CC(CC1=O)C1CCCSC1
101903-30-4,CCC(N(CC1=CC=CO1)C(=O)N1C=CN=C1)C(=O)OCCCC=C
105779-78-0,CCOCCC1=C(C)C(C)=C(OCCN=C2NC=NC(CC)=C2Cl)C=C1
106917-52-6,[O-][N+](=O)C1=CC(Cl)=C(NS(=O)(=O)C2=CC(=C(Cl)C=C2)C(F)(F)F)C=C1
108-35-0,CCOP(=S)(OCC)OC1=NNC(C)=C1
111479-05-1,C[C@@H](OC1=CC=C(OC2=NC3=C(C=C(Cl)C=C3)N=C2)C=C1)C(=O)OCCON=C(C)C
111872-58-3,CC(C)(COCC1=CC(OC2=CC=CC=C2)=CC=C1)C1=CC=C(OC(F)(F)Br)C=C1
112839-33-5,FC(F)(F)COC1CCC(CN2C=NC=N2)(O1)C1=C(Cl)C=C(Cl)C=C1
1129-41-5,CN=C(O)OC1=CC=CC(C)=C1
119126-15-7,NC(=O)C1=NN(C(=N1)C1=CC=CC=C1)C1=CC(COCC(F)(F)C(F)(F)F)=C(Cl)C=C1
120923-37-7,COC1=CC(OC)=NC(N=C(O)NS(=O)(=O)N(C)S(C)(=O)=O)=N1
122548-33-8,COC1=CC(OC)=NC(N=C(O)NS(=O)(=O)C2=C(Cl)N=C3C=CC=CN23)=N1
130000-40-7,CC1=NC(=C(S1)C(O)=NC1=C(Br)C=C(OC(F)(F)F)C=C1Br)C(F)(F)F
136426-54-5,FC1=CC2=C(C=C1)N=C(N1C=NC=N1)N(C2=O)C1=C(Cl)C=C(Cl)C=C1
14816-20-7,CCOP(=S)(OCC)ON=C(C#N)C1=CC=CC=C1Cl
160791-64-0,CC(C)C(C(=O)OC(C#N)C1=CC(OC2=CC=C(Br)C=C2)=CC=C1)C1=CC=C(OC(F)F)C=C1
17606-31-4,CN(C)C(CSS(=O)(=O)C1=CC=CC=C1)CSS(=O)(=O)C1=CC=CC=C1
18809-57-9,CCSC1=CC=C(OC(=O)NC)C=C1
19622-08-3,CCSC(=O)NCCCN(C)C
2274-67-1,COP(=O)(OC)O\C(=C/Cl)C1=C(Cl)C=C(Cl)C=C1
23031-38-1,CC(C)=CC1C(C(=O)OCC2=CC=C(CC#C)O2)C1(C)C
24151-93-7,CCCOP(=S)(OCCC)SCC(=O)N1CCCCC1C
2425-10-7,CNC(=O)OC1=CC(C)=C(C)C=C1
24691-80-3,CC1=C(C=CO1)C(=O)NC1=CC=CC=C1
26087-47-8,CC(C)OP(=O)(OC(C)C)SCC1=CC=CC=C1
2655-14-3,CNC(=O)OC1=CC(C)=CC(C)=C1
27223-49-0,CC(C)=CC1C(C(=O)OCC2=C(C)OC(CC#C)=C2)C1(C)C
27605-76-1,C=CCOC1=NS(=O)(=O)C2=CC=CC=C12
28217-97-2,CN(C)C(=S)NC1=C(C)C=C(Cl)C=C1
28288-05-3,CC(C)=CC1C(C(=O)OCC=C(Cl)CC2=CC=CC=C2)C1(C)C
32861-85-1,COC1=C(C=CC(OC2=C(Cl)C=C(Cl)C=C2)=C1)[N+]([O-])=O
34205-21-5,CN(C)C(O)=NC1=CC(Cl)=C(C=C1)N1N=C(OC1=O)C(C)(C)C
34264-24-9,CCCC(=O)N(C)C(=O)OC1=CC(C)=CC(=C1)C(C)C
34622-58-7,CCN(CC)C(=O)SCC1=CC=CC=C1Cl
34681-10-2,CNC(=O)ON=C(C)C(C)SC
3566-10-7,N.N.SC(S)=NCCN=C(S)S
36335-67-8,CCOP(=S)(NC(C)CC)OC1=C(C=CC(C)=C1)[N+]([O-])=O
36519-00-3,CCOP(=O)(OC1=C(Cl)C=C(Cl)C=C1)OC1=C(Cl)C=C(Cl)C=C1
36614-38-7,COP(=S)(OC)SCCSC(C)C
37248-47-8,OC[C@H]1C[C@H](N[C@H]2C=C(CO)[C@@H](O)[C@H](O)[C@H]2O)[C@H](O)[C@@H](O)[C@@H]1O[C@@H]1O[C@H](CO)[C@@H](O)[C@H](O)[C@H]1O
3766-81-2,CCC(C)C1=CC=CC=C1OC(=O)NC
3942-54-9,CNC(=O)OC1=CC=CC=C1Cl
40085-57-2,CNC(=O)ON=C1SC(C)(C)C(=O)N1C
41083-11-8,C1CCC(CC1)[Sn](C1CCCCC1)(C1CCCCC1)N1C=NC=N1
41205-21-4,FC1=CC=C(C=C1)N1C(=O)C(Cl)=C(Cl)C1=O
42609-52-9,CC1=CC=C(NC(O)=NC(C)(C)C2=CC=CC=C2)C=C1
42609-73-4,CN(C(O)=NC(C)(C)C1=CC=CC=C1)C1=CC=CC=C1
42789-03-7,CC1(C)C(C=C(Br)Br)C1C(=O)OCC1=COC(CC2=CC=CC=C2)=C1
49828-75-3,CCCS(=O)C1=C(Cl)C=CC(OC2=CC=C(C=C2)[N+]([O-])=O)=C1
50398-69-1,COP(=S)(OC)SCC1=NC=C(Cl)S1
50512-35-1,CC(C)OC(=O)C(C(=O)OC(C)C)=C1SCCS1
50563-36-5,COCCN(C(=O)CCl)C1=C(C)C=CC=C1C
51218-49-6,CCCOCCN(C(=O)CCl)C1=C(CC)C=CC=C1CC
51630-33-2,CC(C)C(C(=O)OCC1=CC(OC2=CC=CC=C2)=CC=C1)C1=CC=C(Cl)C=C1
51877-74-8,CC1(C)[C@H](C=C(Cl)Cl)[C@H]1C(=O)OCC1=CC=CC(OC2=CC=CC=C2)=C1
52570-16-8,CC(OC1=CC2=CC=CC=C2C=C1)C(O)=NC1=CC=CC=C1
52888-80-9,CCCN(CCC)C(=O)SCC1=CC=CC=C1
54407-47-5,CCC=C(C)C(OC(=O)C1C(C=C(Cl)Cl)C1(C)C)C#C
54460-46-7,CCCCCCCCCCCCCCCCOC(=O)C1CC1
56073-07-5,OC1=C(C2CC(CC3=CC=CC=C23)C2=CC=C(C=C2)C2=CC=CC=C2)C(=O)OC2=CC=CC=C12
572-48-5,CCOP(=S)(OCC)OC1=CC=C2C3=C(CCCC3)C(=O)OC2=C1
57369-32-1,O=C1CCC2=C3N1CCC3=CC=C2
58011-68-0,CN1N=C(C)C(C(=O)C2=C(Cl)C=C(Cl)C=C2)=C1OS(=O)(=O)C1=CC=C(C)C=C1
5836-73-7,SC(=N)NN=NC1=CC(Cl)=C(Cl)C=C1
58810-48-3,CC1=CC=CC(C)=C1N(C1CCOC1=O)C(=O)CCl
61432-55-1,CC(C)(SC(=O)N1CCCCC1)C1=CC=CC=C1
61676-87-7,CN1C=CSC1=NC1=C(C)C=C(C)C=C1
62610-77-9,COC(=O)C(\C)=C\OP(=S)(OC)OC
62850-32-2,CN(C)C(=O)SCCCCOC1=CC=CC=C1
63935-38-6,CCOC1=CC=C(C=C1)C1(CC1(Cl)Cl)C(=O)OC(C#N)C1=CC(OC2=CC=CC=C2)=CC=C1
64249-01-0,COP(=S)(OC)SCC(=O)N(C(C)C)C1=CC=C(Cl)C=C1
65295-49-0,CC(C)C(C(=O)OC(C#N)C1=CC(OC2=CC=C(Br)C=C2)=CC=C1)C1=CC=C(Cl)C=C1
668-34-8,C1=CC=C(C=C1)[Sn+](C1=CC=CC=C1)C1=CC=CC=C1
66841-26-7,CC1(C)C(C(Br)C(Cl)(Cl)Br)C1C(=O)OC(C#N)C1=CC(OC2=CC=CC=C2)=CC=C1
66952-49-6,CN=C(O)SC1=CC=C(OS(C)(=O)=O)C=C1
67129-08-2,CC1=CC=CC(C)=C1N(CN1C=CC=N1)C(=O)CCl
67306-00-7,CC(CN1CCCCC1)CC1=CC=C(C=C1)C(C)(C)C
68505-69-1,CCS(=O)(=O)OC1=CC2=C(OCC2(C)C)C=C1
68523-18-2,CC1(C)C(C=C(Cl)Cl)C1C(=O)OC(C#N)C1=NC(OC2=CC=CC=C2)=CC=C1
69335-91-7,CC(OC1=CC=C(OC2=NC=C(C=C2)C(F)(F)F)C=C1)C(O)=O
69618-84-4,Cl.CN(C)C=NC1=C(C)C=C(C)C=C1
69770-45-2,CC1(C)C(C=C(Cl)C2=CC=C(Cl)C=C2)C1C(=O)OC(C#N)C1=CC(OC2=CC=CC=C2)=C(F)C=C1
71561-11-0,CN1N=C(C)C(C(=O)C2=C(Cl)C=C(Cl)C=C2)=C1OCC(=O)C1=CC=CC=C1
72459-58-6,ClC1=CC2=C(C=C1)N=C([N-][N+]2=O)N1C=CN=C1
7292-16-2,CCCOP(=O)(OCCC)OC1=CC=C(SC)C=C1
73250-68-7,CN(C(=O)COC1=NC2=CC=CC=C2S1)C1=CC=CC=C1
74070-46-5,NC1=C(C=CC(OC2=CC=CC=C2)=C1Cl)[N+]([O-])=O
74712-19-9,CC(C)(C)C(Br)C(O)=NC(C)(C)C1=CC=CC=C1
75736-33-3,[H][C@](CC1=C(Cl)C=C(Cl)C=C1)([C@@H](O)C(C)(C)C)N1C=NC=N1
76280-91-6,OC(=O)C1=C(C(O)=NC2=CC=CC(Cl)=C2Cl)C(Cl)=C(Cl)C(Cl)=C1Cl
81613-59-4,CC(C)(C)C1CCN(CC#CC2=CC(=CC(=C2)C(F)(F)F)C(F)(F)F)CC1
82211-24-3,OC(C1=CC=CC=C1)C1=C(NC(=O)C2=CC=NC=C2)C=CC(Cl)=C1
82692-44-2,CN1N=C(C)C(C(=O)C2=C(Cl)C(C)=C(Cl)C=C2)=C1OCC(=O)C1=CC=C(C)C=C1
83130-01-2,CCOC(=O)CCN(CC1=CC=CC=C1)SN(C)C(=O)O\N=C(\C)SC
83733-82-8,CCCC(=O)N(CSP(=S)(OC)OC)C1=CC=CC=C1Cl
84332-86-5,CCOC(=O)C1(C)OC(=O)N(C1=O)C1=CC(Cl)=CC(Cl)=C1
84496-56-0,CC(OC1=C(Cl)C(C)=C(Cl)C=C1)C(O)=NC1=CC=CC=C1
85785-20-2,CCN(C(C)C(C)C)C(=O)SCC1=CC=CC=C1
86598-92-7,ClC1=CC=C(CSC(CN2C=NC=N2)=NC2=C(Cl)C=C(Cl)C=C2)C=C1
86763-47-5,CCC1=CC=CC(C)=C1N(COC(C)C)C(=O)CCl
87310-56-3,CCC1=CC=CC(CC)=C1N(COC\C=C/C)C(=O)CCl
88678-67-5,COC1=CC=CC(=N1)N(C)C(=S)OC1=CC=CC(=C1)C(C)(C)C
89269-64-7,C\C(=N\NC1=NC(C)=CC(C)=N1)C1=CC=CC=C1C
90035-08-8,OC1=C(C2CC(CC3=CC=CC=C23)C2=CC=C(OCC3=CC=C(C=C3)C(F)(F)F)C=C2)C(=O)OC2=CC=CC=C12
94593-91-6,COCCOC1=CC=CC=C1S(=O)(=O)N=C(O)N=C1N=C(NC(OC)=N1)OC
950-10-7,CCOP(=O)(OCC)N=C1SCC(C)S1
96525-23-4,CNC1=C(C(=O)C(O1)C1=CC=CC=C1)C1=CC(=CC=C1)C(F)(F)F
99105-77-8,CS(=O)(=O)C1=CC(Cl)=C(C=C1)C(=O)C1C(=O)CCCC1=O
119738-06-6,CC(OC1=CC=C(OC2=CN=C3C=C(Cl)C=CC3=N2)C=C1)C(=O)OCC1CCCO1
120738-89-8,CCN(CC1=CC=C(Cl)N=C1)C(NC)=C[N+]([O-])=O
283-60-3,C1CN2CCO[SiH](O1)OCC2
59456-70-1,C[C@@H]([C@H](N)C(=O)N[C@@H]([C@H]1O[C@H]([C@@H](O)[C@@H]1O)N1C=CC(=O)NC1=O)C(O)=O)[C@H](O)C1=CC=C(O)C=N1
683-57-8,NC(=O)CBr
89784-60-1,CCCSP(=O)(OCC)OC1=CN(N=C1)C1=CC=C(Cl)C=C1
93697-74-6,CCOC(=O)C1=C(N(C)N=C1)S(=O)(=O)NC(=O)NC1=NC(OC)=CC(OC)=N1
92-82-0,C1=CC2=NC3=CC=CC=C3N=C2C=C1
543-21-5,NC(=O)C#CC(N)=O
627-44-1,CC[Hg]CC
2859-68-9,OCCCC1=NC=CC=C1
21689-84-9,CCNC1=NC(SC)=NC(NC(C)(C)C#N)=N1
37894-46-5,COCCO[Si](CCCl)(OCCOC)OCCOC
13286-32-3,CCOP(=O)(OCC)SCC1=CC=CC=C1
14491-59-9,CC1=C(OC2=CC=CN=N2)C=CC=C1
135397-30-7,COC1=CC(OC)=NC(NC(=O)NS(=O)(=O)C2=C(C(O)=O)C(Cl)=NN2C)=N1
467-69-6,OC(=O)C1(O)C2=C(C=CC=C2)C2=C1C=CC=C2
494-97-3,C1CN[C@@H](C1)C1=CC=CN=C1
1022-46-4,O=C1OC(=NC2=CC=CC=C12)C1=CC=CC=C1
103112-36-3,OC(=O)C1=NN(C(=N1)C(Cl)(Cl)Cl)C1=C(Cl)C=C(Cl)C=C1
105084-66-0,CCCN(CCC)C(=O)CN(CC)P(=S)(OCC)OCC
20057-31-2,ClC(Cl)(Cl)CC(=C)C1=CC=CC=C1
21452-18-6,CC1=NC(C)=C(S1)C(=O)NC1=CC=CC=C1
2445-07-0,CN(C)C(=S)S[As](C)SC(=S)N(C)C
25366-23-8,CNC(=O)N(C)C1=NN=C(S1)C(F)(F)F
27512-72-7,CCOC(=O)CC1=C2C=C(Cl)C=CC2=NN1
28562-70-1,CC1=CC(C(=O)NC2=CC=CC=C2)=C(C)O1
29547-00-0,[Na+].CN(C)C(CSS(O)(=O)=O)CSS([O-])(=O)=O
30979-48-7,CC(C)CNC(=O)N1CCNC1=O
31251-03-3,FC(F)(F)C1=CC=CC(=C1)C(N1C=NC=N1)(C1=CC=CC=C1)C1=CC=CC=C1
35409-97-3,ClC1=CC=C(NC(=O)NC(=O)C2=C(Cl)C=CC=C2Cl)C=C1
35745-11-0,[NH4+].[Fe+3].C[As]([O-])([O-])=O.C[As]([O-])([O-])=O
3586-60-5,CN(C)C(=S)S[As](SC(=S)N(C)C)SC(=S)N(C)C
3740-92-9,ClC1=CC(Cl)=NC(=N1)C1=CC=CC=C1
3818-71-1,CCCC1=CC(OC)=C(OCC(=O)N(CC)CC)C=C1
38725-95-0,CCC1=CC=CC(CC)=C1N(CC(O)=O)C(=O)CCl
41295-28-7,COC1=C(C)C=C(C=C1)C(=O)C1=CC=CC(C)=C1
5581-52-2,CN1C=NC(=C1SC1=NC(N)=NC2=C1NC=N2)[N+]([O-])=O
57160-47-1,ClC1=CC=C(NC(=O)NC(=O)C2=CC=CC=C2Cl)C=C1
57375-63-0,CCN(C(=O)OC1=CC=CC(NC(=O)OC(C)C)=C1)C1=CC=CC=C1
6386-63-6,OCC1=C(OCC(O)=O)C=CC(Cl)=C1
6465-92-5,[Ca++].COP([O-])(=O)OC=C(Cl)Cl.COP([O-])(=O)OC=C(Cl)Cl.COP(=O)(OC)OC=C(Cl)Cl
68228-20-6,CC(C)NC1=NC(Cl)=NC(NCC(O)=O)=N1
79319-85-0,S=C1NN=C(NCNC2=NNC(=S)S2)S1
87547-04-4,OC(=O)COC1=C(Cl)C=C(F)C(=C1)N1C(=O)C2=C(CCCC2)C1=O
76578-12-6,CC(OC1=CC=C(OC2=CN=C3C=C(Cl)C=CC3=N2)C=C1)C(O)=O
519-02-8,[H][C@]12CCCN3CCC[C@]([H])([C@@]4([H])CCCC(=O)N4C1)[C@]23[H]
21757-82-4,CC(=O)OC(C1=CC(Cl)=C(Cl)C=C1)C(Cl)(Cl)Cl
51308-54-4,CCCCSC(SCC1=CC=C(C=C1)C(C)(C)C)=NC1=CN=CC=C1
54864-61-8,COCC1(C)OC(=O)N(C1=O)C1=CC(Cl)=CC(Cl)=C1
60589-06-2,COC1=NN(C(=O)O1)C1=CC=CC=C1OC
69581-33-5,ClC1=CC(=CC=C1)N(C1CCOC1=O)C(=O)C1CC1
70193-21-4,CCCCOC(NC(=O)C1=CC=CC=C1O)C(Cl)(Cl)Cl
77501-60-1,OC(=O)COC(=O)C1=CC(OC2=CC=C(C=C2Cl)C(F)(F)F)=CC=C1[N+]([O-])=O
80020-41-3,[O-][N+](=O)C1=CC=C(OC2=CC=C(C=C2Cl)C(F)(F)F)C=C1OC1CCOC1
84527-51-5,CCOC(NC(=O)C1=CC=C(Cl)C=C1)C#N
87757-18-4,CC(OC1=CC=C(OC2=NC=C(Cl)C=C2Cl)C=C1)C(=O)N1CCCO1
111353-84-5,CCOC1=NC(NC)=NC(NC(=O)NS(=O)(=O)C2=C(C=CC=C2)C(O)=O)=N1
116170-30-0,CCS(=O)C1=C(C#N)C(Cl)=C(S1)C#N
682-91-7,CCSS(=O)(=O)CC
11113-80-7,[H]C(N)(C=O)[C@@]1([H])O[C@@]([H])(N2C=C(C(O)=O)C(O)=NC2=O)[C@]([H])(O)[C@]1([H])O
